Game Name,Game Type,English,Japanese,Both,# of Players Needed,Average Frequency in Shows
1 Thing,Guessing,1,1,1,5,41
10/10,Timed,1,1,1,6,7
3 Headed Broadway Star,Song,1,1,1,3,1
3 Rooms,Continuation,1,1,1,6,11
4 Lines,Limitations,1,1,0,3,18
50/50,Accepting,1,1,1,3,12
ABCs,Verbal Wit,1,1,1,8,36
Action Replay,Endowment,1,1,1,6,15
Add On Story,Continuation,1,1,1,6,13
Amazon Reviews,Audience Participation,1,0,0,2,5
Art Gallery,Endowment,1,1,0,8,2
Ay Yah Yah,Song,1,1,1,5,83
Backwards,Limitations,1,1,1,3,0
Bad Powerpoint,Limitations,1,1,0,3,0
BanBanBan,Guessing,1,1,1,8,5
Bartender,Song,1,1,0,3,0
Battle Scenes,Characters,1,1,1,6,7
Beastie Boys,Song,1,1,1,5,0
Beauty Pageant,Characters,1,1,1,8,0
Before or After,Continuation,1,1,0,3,30
Blind Dub,Limitations,1,1,0,4,20
Blind Freeze Tag,Association,1,1,1,8,99
Boyz II Bad,Song,1,1,1,5,6
Bucket of Death,Limitations,1,1,0,5,0
CD Compilation,Song,1,1,1,8,5
Celebrity Voice Mail,Audience Participation,1,1,1,8,2
Chain Murder Mystery,Gibberish,1,1,1,6,33
Charity Song,Song,1,1,1,8,0
Chat Roulette,Characters,1,1,1,8,0
Circle Story,Continuation,1,1,0,6,1
Life Cliches,Association,1,1,1,4,4
Complaint Letter,Continuation,1,1,0,4,3
Countdown,Timed,1,1,0,5,1
Cyrano,Audience Participation,1,1,0,4,0
Dating Game,Endowment,1,1,0,4,24
Day in the Life,Audience Participation,1,1,0,4,21
Ding,Limitations,1,1,0,3,32
Disney in a Minute,Timed,1,1,0,4,25
Do Run Run,Song,1,1,1,6,5
Don't Drop Them,Characters,1,1,1,6,0
Doo Wop,Song,1,1,1,3,0
Down & Across,Limitations,0,1,0,6,2
Dr. Know It All,Continuation,1,1,1,4,27
Dubstep Ballet,Song,1,1,1,4,0
Elimination,Characters,1,1,0,4,25
Emotional Zones,Limitations,1,1,0,3,17
Entrances and Exits,Association,1,1,0,3,19
Everyday Olympics,Endowment,1,1,1,4,5
Exes,Audience Participation,1,1,0,2,6
Eye Contact,Limitations,1,1,0,3,1
First Date,Audience Participation,1,1,0,3,22
First Line / Last Line,Endowment,1,1,0,3,29
Follow The Leaver,Long Form-ish,1,1,0,7,51
Foreign Film Dub,Gibberish,1,1,0,4,1
Forward / Reverse,Limitations,1,1,0,4,9
Genre Replay,Endowment,1,1,0,4,24
Gibberish Switch,Gibberish,1,1,0,4,0
Good/Bad,Verbal Wit,1,1,1,6,4
Heavy Hanashi,Long Form-ish,1,1,0,4,2
Helping Hands,Limitations,1,1,0,4,2
Japanese Movie in a Minute,Timed,0,1,0,4,1
Identity Crisis,Characters,1,1,0,3,10
In the Neighborhood,Song,1,1,1,5,9
Insta-Rap,Song,1,1,1,4,1
Interrogation,Guessing,1,1,0,4,2
Irish Drinking Song,Song,1,1,1,4,3
Kneeling-Bowing-Standing,Endowment,1,1,0,3,21
Ladder,Characters,1,1,0,6,13
Late for Work,Guessing,1,1,0,4,13
Marionettes,Limitations,1,1,0,3,15
Marshmallows,Limitations,1,1,0,3,21
Meet the Family,Characters,1,1,0,4,0
Mission Impossible,Object Work,1,1,0,5,0
Movie Critics,Characters,1,1,0,4,0
Movie in a Minute,Timed,1,1,0,4,5
Movie Tropes,Association,1,1,1,4,1
My Movie,Long Form-ish,1,1,0,4,0
Naive Replay,Endowment,1,1,0,3,6
Newlywed Game,Guessing,1,1,0,4,0
Newsroom,Limitations,1,1,0,5,0
No English,Endowment,0,1,0,7,13
No Laughs,Verbal Wit,1,1,1,7,7
Old Job / New Job,Characters,1,1,0,4,5
Only Questions,Limitations,1,1,1,7,52
Opera,Song,1,1,0,4,0
Opposites,Characters,1,1,0,4,0
Oscar Winning Moment,Characters,1,1,0,4,2
Pan L/R,Characters,1,1,1,4,49
Parallel Universe,Limitations,1,1,0,2,13
Party Quirks,Guessing,1,1,0,4,8
People vs You,Characters,1,1,0,2,4
Piano Man,Song,1,1,0,4,8
Pillars,Audience Participation,1,1,0,3,26
Ping Pong Ballad,Song,1,1,1,2,22
Pirates House,Long Form-ish,1,1,0,7,1
Play / Replay,Long Form-ish,1,1,0,3,7
Playbook,Limitations,1,1,0,3,1
Playground Insults,Guessing,1,1,0,6,10
Press Conference,Endowment,1,1,1,8,30
Question This,Verbal Wit,1,1,0,4,5
Rap Battle,Song,1,1,1,4,0
Rap Nightmare,Song,1,1,1,6,14
Rap Tinder,Song,1,1,1,8,31
Rashomon,Characters,1,1,0,3,7
Really Bad Hangover,Characters,1,1,0,4,0
Rock Out,Song,1,1,1,5,3
Scene to Music,Song,1,1,0,4,1
Scenes Collide,Characters,1,1,0,4,0
Scenes from a Hat,Characters,1,1,1,8,5
Secret,Limitations,1,1,0,3,1
Secret Thoughts,Characters,1,1,0,4,0
Serious Poetry,Verbal Wit,1,1,1,7,16
Shokai Song,Song,1,1,1,5,13
Sing About It,Song,1,1,0,4,1
Sing it and Wing It,Song,1,1,1,3,1
Singing Triplets,Song,1,1,0,3,5
Slanguage,Verbal Wit,1,0,0,8,0
Sleep,Characters,1,1,0,3,1
Slice of Life,Long Form-ish,1,1,0,5,0
Slideshow,Limitations,1,1,1,7,6
Slow Jam,Song,1,1,0,5,0
Sound FX,Audience Participation,1,1,0,2,19
Speech Challenge,Association,1,1,0,4,3
Speed Dating,Audience Participation,1,1,1,8,11
Spelling Bee,Verbal Wit,1,0,0,4,2
Split Screen,Characters,1,1,0,4,1
Spotify Playlist,Song,1,1,1,6,5
Stage Directions,Characters,1,1,1,5,1
Stunt Doubles,Characters,1,1,1,4,0
Superheroes,Endowment,1,1,1,4,0
Texts from Last Night,Audience Participation,1,1,0,3,6
Thank God You're Here,Guessing,1,1,0,4,6
Titanic,Characters,1,1,0,4,2
Toaster,Characters,1,1,1,6,16
Twister,Endowment,1,1,0,4,0
Typist,Characters,1,1,0,6,2
Unreturnable Object,Guessing,1,1,0,4,25
What are you trying to say?,Limitations,1,1,0,3,3
What Happens Next?,Audience Participation,1,1,0,4,0
What's in Your Bag,Audience Participation,1,1,0,3,0
Whose Line,Limitations,1,1,0,4,48
Wikipedia,Verbal Wit,1,1,0,6,0
Word Count,Limitations,1,1,0,3,12
Word Detective,Guessing,1,1,0,3,5
Word Sneak,Guessing,1,1,0,3,1
World’s Worst,Verbal Wit,1,1,1,7,0
Written it Down,Endowment,1,1,0,3,0