Date,Show #,Game 1,Game 2,Game 3,Game 4,Game 5,Game 6,Game 7,Game 8,Game 9,Game 10,Game 11,Game 12,Game 13,Game 1 Language,Game 2 Language,Game 3 Language,Game 4 Language,Game 5 Language,Game 6 Language,Game 7 Language,Game 8 Language,Game 9 Language,Game 10 Language,Game 11 Language,Game 12 Language,Game 13 Language,Game 1 Type,Game 2 Type,Game 3 Type,Game 4 Type,Game 5 Type,Game 6 Type,Game 7 Type,Game 8 Type,Game 9 Type,Game 10 Type,Game 11 Type,Game 12 Type,Game 13 Type
2015-09-27,76,Ay Yah Yah,Disney in a Minute,Forward / Reverse,1 Thing,Pillars,Pan L/R,Follow the Leaver,Speed Dating,Blind Dub,Marshmallows,Chain Murder Mystery,Rap Tinder,Blind Freeze Tag,Both,Japanese,English,Both,Japanese,English,Both,Both,Japanese,English,Both,Both,Both,Song,Timed,Limitations,Guessing,Audience Participation,Characters,Long Form-ish,Audience Participation,Limitations,Limitations,Gibberish,Song,Association
2015-10-25,77,Ay Yah Yah,Whose Line,Before or After,First Date,Genre Replay,Rap Nightmare,Only Questions,Pan L/R,Kneeling-Bowing-Standing,Follow the Leaver,Chain Murder Mystery,Rap Tinder,Blind Freeze Tag,Both,Japanese,English,English,Japanese,English,Both,Both,Japanese,Both,Both,Both,Both,Song,Limitations,Continuation,Audience Participation,Endowment,Song,Limitations,Characters,Endowment,Long Form-ish,Gibberish,Song,Association
2015-11-29,78,Ay Yah Yah,Genre Replay,1 Thing,Follow the Leaver,In the Neighborhood,Whose Line,Emotional Zones,Sound FX,Rap Nightmare,Battle Scenes,Rap Tinder,Disney in a Minute,Blind Freeze Tag,Both,Japanese,Both,Both,Both,Japanese,English,English,Both,Both,Both,Japanese,Both,Song,Endowment,Guessing,Long Form-ish,Song,Limitations,Limitations,Audience Participation,Song,Characters,Song,Timed,Association
2016-01-24,79,Ay Yah Yah,Disney in a Minute,Genre Replay,Piano Man,Blind Dub,Celebrity Voice Mail,Only Questions,Press Conference,Marshmallows,Sound FX,Chain Murder Mystery,Rap Tinder,Blind Freeze Tag,Both,Japanese,English,English,Japanese,English,Both,Both,Japanese,English,Both,Both,Both,Song,Timed,Endowment,Song,Limitations,Audience Participation,Limitations,Endowment,Limitations,Audience Participation,Gibberish,Song,Association
2016-02-21,80,Ay Yah Yah,Pillars,Dating Game,1 Thing,Before or After,Pan L/R,Only Questions,Speed Dating,Whose Line,Piano Man,First Date,Rap Tinder,Blind Freeze Tag,Both,Japanese,English,Both,Japanese,Both,Both,Both,Japanese,English,English,Both,Both,Song,Audience Participation,Endowment,Guessing,Continuation,Characters,Limitations,Audience Participation,Limitations,Song,Audience Participation,Song,Association
2016-03-27,81,Ay Yah Yah,Elimination,Pan L/R,Party Quirks,Blind Dub,Rap Nightmare,ABCs,Press Conference,Genre Replay,Chain Murder Mystery,Unreturnable Object,Rap Tinder,Blind Freeze Tag,Both,Japanese,Both,English,Japanese,English,Both,Both,Japanese,Both,English,Both,Both,Song,Characters,Characters,Guessing,Limitations,Song,Verbal Wit,Endowment,Endowment,Gibberish,Guessing,Song,Association
2016-04-24,82,Ay Yah Yah,Disney in a Minute,Before or After,Whose Line,Dr. Know It All,Chain Murder Mystery,ABCs,Follow the Leaver,Marshmallows,1 Thing,Elimination,Rap Tinder,Blind Freeze Tag,Both,Japanese,English,English,Japanese,Both,Both,Both,Japanese,Both,English,Both,Both,Song,Timed,Continuation,Limitations,Continuation,Gibberish,Verbal Wit,Long Form-ish,Limitations,Guessing,Characters,Song,Association
2016-05-29,83,Ay Yah Yah,Genre Replay,Dating Game,What are you Trying to Say?,First Line / Last Line,Action Replay,Pan L/R,Follow the Leaver,Whose Line,Sound FX,Unreturnable Object,Rap Tinder,Blind Freeze Tag,Both,Japanese,English,English,Japanese,Both,Both,Both,Japanese,English,English,Both,Both,Song,Endowment,Endowment,Limitations,Endowment,Endowment,Characters,Long Form-ish,Limitations,Audience Participation,Guessing,Song,Association
2016-06-26,84,Ay Yah Yah,4 Lines,Late for Work,Entrances and Exits,Blind Dub,Rap Nightmare,Only Questions,Press Conference,Emotional Zones,1 Thing,Pillars,Slideshow,Blind Freeze Tag,Both,Japanese,English,English,Japanese,English,Both,Both,Japanese,Both,English,Both,Both,Song,Limitations,Guessing,Association,Limitations,Song,Limitations,Endowment,Limitations,Guessing,Audience Participation,Limitations,Association
2016-07-24,85,Ay Yah Yah,Disney in a Minute,Before or After,Follow the Leaver,No English,Only Questions,Piano Man,Speed Dating,Marshmallows,First Date,Pan L/R,Rap Tinder,,Both,Japanese,English,English,Japanese,Both,English,Both,Japanese,English,Both,Both,,Song,Timed,Continuation,Long Form-ish,Endowment,Limitations,Song,Audience Participation,Limitations,Audience Participation,Characters,Song,
2016-08-28,86,Ay Yah Yah,Genre Replay,First Line / Last Line,Late for Work,No English,Action Replay,Only Questions,Follow the Leaver,Whose Line,Word Count,Sound FX,Blind Freeze Tag,,Both,Japanese,English,English,Japanese,Both,Both,Both,Japanese,English,English,Both,,Song,Endowment,Endowment,Guessing,Endowment,Endowment,Limitations,Long Form-ish,Limitations,Limitations,Audience Participation,Association,
2016-09-25,87,No English,Action Replay,Pan L/R,Follow the Leaver,Disney in a Minute,What are you Trying to Say?,ABCs,Ay Yah Yah,Kneeling-Bowing-Standing,Pillars,Day in the Life,Rap Tinder,,Japanese,Both,Both,English,Japanese,English,Both,Both,Japanese,English,English,Both,,Endowment,Endowment,Characters,Long Form-ish,Timed,Limitations,Verbal Wit,Song,Endowment,Audience Participation,Audience Participation,Song,
2016-10-23,88,Good/Bad,Marionettes,Sound FX,Dating Game,No English,1 Thing,Only Questions,Ay Yah Yah,Genre Replay,Thank God You're Here,Whose Line,Blind Freeze Tag,,Both,Japanese,English,English,Japanese,Both,Both,Both,Japanese,English,English,Both,,Verbal Wit,Limitations,Audience Participation,Endowment,Endowment,Guessing,Limitations,Song,Endowment,Guessing,Limitations,Association,
2016-12-04,89,Good/Bad,Emotional Zones,Pillars,Whose Line,Ay Yah Yah,Texts from Last Night,Only Questions,Rap Tinder,Follow the Leaver,Elimination,Blind Freeze Tag,,,Both,Japanese,English,Japanese,Both,English,Both,Both,English,Japanese,Both,,,Verbal Wit,Limitations,Audience Participation,Limitations,Song,Audience Participation,Limitations,Song,Long Form-ish,Characters,Association,,
2017-01-29,90,Good/Bad,First Line / Last Line,Dr. Know It All,Blind Dub,Marshmallows,Speed Dating,ABCs,Ay Yah Yah,Kneeling-Bowing-Standing,Whose Line,Pan L/R,Blind Freeze Tag,,Both,Japanese,English,English,Japanese,Both,Both,Both,Japanese,English,Both,Both,,Verbal Wit,Endowment,Continuation,Limitations,Limitations,Audience Participation,Verbal Wit,Song,Endowment,Limitations,Characters,Association,
2017-02-19,91,Ay Yah Yah,Ding,Rashomon,Dating Game,Before or After,Piano Man,Only Questions,Good/Bad,Blind Dub,First Date,First Line / Last Line,Rap Tinder,,Both,Japanese,English,English,Japanese,English,Both,Both,Japanese,English,English,Both,,Song,Limitations,Characters,Endowment,Continuation,Song,Limitations,Verbal Wit,Limitations,Audience Participation,Endowment,Song,
2017-03-26,92,Dr. Know It All,Disney in a Minute,Pan L/R,Pillars,Genre Replay,Follow the Leaver,ABCs,Ay Yah Yah,4 Lines,Unreturnable Object,Word Count,Blind Freeze Tag,,Both,Japanese,Both,English,Japanese,English,Both,Both,Japanese,English,English,Both,,Continuation,Timed,Characters,Audience Participation,Endowment,Long Form-ish,Verbal Wit,Song,Limitations,Guessing,Limitations,Association,
2017-04-23,93,Ay Yah Yah,Ding,Identity Crisis,Whose Line,Emotional Zones,Word Detective,Only Questions,Press Conference,Kneeling-Bowing-Standing,Word Count,1 Thing,Blind Freeze Tag,,Both,Japanese,English,English,Japanese,English,Both,Both,Japanese,English,Both,Both,,Song,Limitations,Characters,Limitations,Limitations,Guessing,Limitations,Endowment,Endowment,Limitations,Guessing,Association,
2017-05-28,94,Ay Yah Yah,Genre Replay,Marshmallows,Parallel Universe,Pillars,10 / 10,ABCs,Only Questions,Whose Line,Entrances and Exits,Blind Dub,Rap Tinder,,Both,Japanese,English,English,Japanese,English,Both,Both,Japanese,English,English,Both,,Song,Endowment,Limitations,Limitations,Audience Participation,Not Found,Verbal Wit,Limitations,Limitations,Association,Limitations,Song,
2017-06-25,95,Ay Yah Yah,Disney in a Minute,Forward / Reverse,Day in the Life,Before or After,Word Detective,Ladder,Pan L/R,No English,Chain Murder Mystery,Slideshow,Blind Freeze Tag,,Both,Japanese,English,English,Japanese,English,Both,Both,Japanese,Both,English,Both,,Song,Timed,Limitations,Audience Participation,Continuation,Guessing,Characters,Characters,Endowment,Gibberish,Limitations,Association,
2017-07-30,96,Ay Yah Yah,Ding,1 Thing,Late for Work,Whose Line,Action Replay,Speed Dating,In The Neighborhood,Blind Dub,Marionettes,Sound FX,Rap Tinder,,Both,Japanese,Both,English,Japanese,English,Both,Both,Japanese,English,English,Both,,Song,Limitations,Guessing,Guessing,Limitations,Endowment,Audience Participation,Song,Limitations,Limitations,Audience Participation,Song,
2017-08-27,97,Ay Yah Yah,First Line / Last Line,Identity Crisis,Pan L/R,Dating Game,Follow the Leaver,Only Questions,Battle Scenes,Genre Replay,Marshmallows,1 Thing,Blind Freeze Tag,,Both,Japanese,English,Both,Japanese,English,Both,Both,Japanese,English,Both,Both,,Song,Endowment,Characters,Characters,Endowment,Long Form-ish,Limitations,Characters,Endowment,Limitations,Guessing,Association,
2017-09-17,98,Ay Yah Yah,Identity Crisis,Ding,Piano Man,Sound FX,Playground Insults,Serious Poetry,Genre Replay,Rap Nightmare,Word Count,Unreturnable Object,Blind Freeze Tag,,Both,Japanese,English,English,Japanese,Both,Both,Japanese,English,English,English,Both,,Song,Characters,Limitations,Song,Audience Participation,Guessing,Verbal Wit,Endowment,Song,Limitations,Guessing,Association,
2017-10-29,99,Ay Yah Yah,Whose Line,10 / 10,Action Replay,Entrances and Exits,Before or After,ABCs,Follow the Leaver,Elimination,Blind Dub,Rashomon,Blind Freeze Tag,,Both,Japanese,Both,Both,Japanese,English,Both,Both,Japanese,English,English,Both,,Song,Limitations,Not Found,Endowment,Association,Continuation,Verbal Wit,Long Form-ish,Characters,Limitations,Characters,Association,
2017-12-03,100,Blind Freeze Tag,Marionettes,Elimination,Playground Insults,Word Detective,Rock Out,First Date,Follow the Leaver,10 / 10,Rap Tinder,,,,Both,Japanese,English,English,Both,Both,Both,Japanese,English,Both,,,,Association,Limitations,Characters,Guessing,Guessing,Song,Audience Participation,Long Form-ish,Not Found,Song,,,
2018-01-21,101,Ay Yah Yah,Whose Line,Battle Scenes,Battle Scenes,Blind Dub,First Line / Last Line,ABCs,1 Thing,Ding,Emotional Zones,Chain Murder Mystery,Blind Freeze Tag,,Both,Japanese,Japanese,English,Japanese,English,Both,Both,Japanese,English,Both,Both,,Song,Limitations,Characters,Characters,Limitations,Endowment,Verbal Wit,Guessing,Limitations,Limitations,Gibberish,Association,
2018-02-25,102,Ay Yah Yah,Marionettes,Identity Crisis,Genre Replay,Pillars,Thank God You're Here,Only Questions,Press Conference,Kneeling-Bowing-Standing,Pan L/R,Day in the Life,Blind Freeze Tag,,Both,Japanese,English,English,Japanese,English,Both,Both,Japanese,Both,English,Both,,Song,Limitations,Characters,Endowment,Audience Participation,Guessing,Limitations,Endowment,Endowment,Characters,Audience Participation,Association,
2018-03-18,103,Ay Yah Yah,Genre Replay,1 Thing,Ping Pong Ballad,Dr. Know It All,Serious Poetry,ABCs,Chain Murder Mystery,Ding,Word Count,First Line / Last Line,Blind Freeze Tag,,Both,Japanese,Both,English,Japanese,English,Both,Both,Japanese,English,English,Both,,Song,Endowment,Guessing,Song,Continuation,Verbal Wit,Verbal Wit,Gibberish,Limitations,Limitations,Endowment,Association,
2018-04-22,104,Ay Yah Yah,Marshmallows,Elimination,Titanic,Ping Pong Ballad,Play / Replay,Only Questions,Follow the Leaver,Genre Replay,Parallel Universe,Unreturnable Object,Rap Tinder,,Both,Japanese,English,English,Japanese,English,Both,Both,Japanese,English,English,Both,,Song,Limitations,Characters,Characters,Song,Long Form-ish,Limitations,Long Form-ish,Endowment,Limitations,Guessing,Song,
2018-05-27,105,Ay Yah Yah,Kneeling-Bowing-Standing,Ping Pong Ballad,Identity Crisis,Follow the Leaver,Serious Poetry,ABCs,10 / 10,Entrances and Exits,4 Lines,Titanic,Rap Tinder,,Both,Japanese,English,English,Japanese,English,Both,Both,Japanese,English,English,Both,,Song,Endowment,Song,Characters,Long Form-ish,Verbal Wit,Verbal Wit,Not Found,Association,Limitations,Characters,Song,
2018-06-24,106,Ay Yah Yah,Blind Dub,Pan L/R,1 Thing,Ping Pong Ballad,Serious Poetry,Only Questions,Follow the Leaver,Genre Replay,Ding,4 Lines,Blind Freeze Tag,,Both,Japanese,English,Both,Japanese,English,Both,Both,Japanese,English,English,Both,,Song,Limitations,Characters,Guessing,Song,Verbal Wit,Limitations,Long Form-ish,Endowment,Limitations,Limitations,Association,
2018-07-29,107,Shokai Song,Party Quirks,Pillars,Forward / Reverse,Whose Line,Before or After,Chain Murder Mystery,Press Conference,Ding,First Date,Marshmallows,Rap Tinder,,Both,Japanese,English,English,Japanese,English,Both,Both,Japanese,English,English,Both,,Song,Guessing,Audience Participation,Limitations,Limitations,Continuation,Gibberish,Endowment,Limitations,Audience Participation,Limitations,Song,
2018-08-26,108,Shokai Song,Genre Replay,4 Lines,Pan L/R,Disney in a Minute,Ping Pong Ballad,ABCs,Day in the Life,First Line / Last Line,Thank God You're Here,Chain Murder Mystery,Blind Freeze Tag,,Both,Japanese,English,Both,Japanese,English,Both,Both,Japanese,English,Both,Both,,Song,Endowment,Limitations,Characters,Timed,Song,Verbal Wit,Audience Participation,Endowment,Guessing,Gibberish,Association,
2018-10-21,109,Ay Yah Yah,Blind Dub,Dating Game,Follow the Leaver,Elimination,Singing Triplets,Only Questions,CD Compilation,Emotional Zones,1 Thing,Speech Challenge,Blind Freeze Tag,,Both,Japanese,English,English,Japanese,English,Both,Both,Japanese,Both,English,Both,,Song,Limitations,Endowment,Long Form-ish,Characters,Song,Limitations,Song,Limitations,Guessing,Association,Association,
2018-11-25,110,Shokai Song,Marionettes,3 Rooms,Pan L/R,Action Replay,Marshmallows,CD Compilation,Blind Freeze Tag,Naive Replay,Ping Pong Ballad,Whose Line,Rap Tinder,,Both,Japanese,English,Both,English,Japanese,Both,Both,Japanese,English,English,Both,,Song,Limitations,Continuation,Characters,Endowment,Limitations,Song,Association,Endowment,Song,Limitations,Song,
2019-01-27,111,Ay Yah Yah,Pillars,Singing Triplets,Marionettes,Naive Replay,Chain Murder Mystery,ABCs,Genre Replay,Whose Line,Slideshow,3 Rooms,Rap Nightmare,,Both,Japanese,English,English,Japanese,Both,Both,Both,Japanese,English,English,Both,,Song,Audience Participation,Song,Limitations,Endowment,Gibberish,Verbal Wit,Endowment,Limitations,Limitations,Continuation,Song,
2019-02-24,112,Shokai Song,First Line / Last Line,4 Lines,Toaster,Exes,3 Rooms,Press Conference,Sound FX,Emotional Zones,Dr. Know It All,Ping Pong Ballad,Blind Freeze Tag,,Both,Japanese,English,Both,Japanese,English,Both,Both,Japanese,English,Japanese,Both,,Song,Endowment,Limitations,Characters,Audience Participation,Continuation,Endowment,Audience Participation,Limitations,Continuation,Song,Association,
2019-03-24,113,Shokai Song,Blind Dub,Ping Pong Ballad,50/50,Whose Line,Follow the Leaver,ABCs,Chain Murder Mystery,Speech Challenge,Identity Crisis,Typist,Blind Freeze Tag,,Both,Japanese,English,English,Japanese,English,Both,Both,Japanese,English,English,Both,,Song,Limitations,Song,Accepting,Limitations,Long Form-ish,Verbal Wit,Gibberish,Association,Characters,Characters,Association,
2019-04-21,114,Ay Yah Yah,50/50,Ping Pong Ballad,Unreturnable Object,Disney in a Minute,Serious Poetry,Only Questions,First Date,Singing Triplets,Slideshow,Genre Replay,Rap Tinder,,Both,Japanese,English,English,Japanese,Both,Both,English,Japanese,English,English,Both,,Song,Accepting,Song,Guessing,Timed,Verbal Wit,Limitations,Audience Participation,Song,Limitations,Endowment,Song,
2019-05-26,115,Rock Out,Entrances and Exits,Rashomon,Heavy Hanashi,10 / 10,Sound FX,1 Thing,Dr. Know It All,Naive Replay,3 Rooms,50/50,Rap Nightmare,,Both,Japanese,English,English,Japanese,English,Both,Both,Japanese,Both,English,Both,,Song,Association,Characters,Long Form-ish,Not Found,Audience Participation,Guessing,Continuation,Endowment,Continuation,Accepting,Song,
2019-06-23,116,Ay Yah Yah,Dr. Know It All,Action Replay,Whose Line,Ping Pong Ballad,Pan L/R,ABCs,Singing Triplets,First Line / Last Line,Exes,Late for Work,Blind Freeze Tag,,Both,Japanese,English,English,Japanese,Both,Both,Both,Japanese,English,English,Both,,Song,Continuation,Endowment,Limitations,Song,Characters,Verbal Wit,Song,Endowment,Audience Participation,Guessing,Association,
2019-07-21,117,Shokai Song,Before or After,50/50,Serious Poetry,Pillars,CD Compilation,Only Questions,Blind Freeze Tag,Blind Dub,Elimination,Day in the Life,Insta-Rap,,Both,Japanese,English,Both,Japanese,Both,Both,Both,Japanese,English,English,Both,,Song,Continuation,Accepting,Verbal Wit,Audience Participation,Song,Limitations,Association,Limitations,Characters,Audience Participation,Song,
2019-08-25,118,Ay Yah Yah,Pirates House,Countdown,Dating Game,Ding,Dr. Know It All,Toaster,Only Questions,Follow the Leaver,Marshmallows,1 Thing,Blind Freeze Tag,,Both,Japanese,English,English,Japanese,English,Both,Both,Japanese,English,Both,Both,,Song,Long Form-ish,Timed,Endowment,Limitations,Continuation,Characters,Limitations,Long Form-ish,Limitations,Guessing,Association,
2019-09-29,119,Shokai Song,Down & Across,Pan L/R,Word Count,Naive Replay,CD Compilation,Play / Replay,First Date,Disney in a Minute,Thank God You're Here,Ping Pong Ballad,Blind Freeze Tag,,Both,Japanese,Both,English,Japanese,Both,Both,English,Japanese,English,Both,Both,,Song,Limitations,Characters,Limitations,Endowment,Song,Long Form-ish,Audience Participation,Timed,Guessing,Song,Association,
2019-10-20,120,Ay Yah Yah,Blind Dub,50/50,Whose Line,Pillars,Serious Poetry,Only Questions,Toaster,First Line / Last Line,Unreturnable Object,Follow the Leaver,Rap Nightmare,,Both,Japanese,English,English,Japanese,Both,Both,Both,Japanese,English,English,Both,,Song,Limitations,Accepting,Limitations,Audience Participation,Verbal Wit,Limitations,Characters,Endowment,Guessing,Long Form-ish,Song,
2019-11-24,121,Ay Yah Yah,50/50,Dating Game,Follow the Leaver,Ping Pong Ballad,Texts from Last Night,Boyz II Bad,Celebrity Voice Mail,CD Compilation,Whose Line,Dr. Know It All,ABCs,Rap Tinder,Both,Japanese,Both,Both,Japanese,English,Both,Both,Both,Japanese,English,English,Both,Song,Accepting,Endowment,Long Form-ish,Song,Audience Participation,Song,Audience Participation,Song,Limitations,Continuation,Verbal Wit,Song
2020-01-26,122,Shokai Song,Whose Line,Pan L/R,Day in the Life,Sleep,Press Conference,Only Questions,Battle Scenes,Battle Scenes,Toaster,50/50,Word Detective,,Both,Japanese,Both,English,Japanese,Both,Both,Japanese,Japanese,Both,English,English,,Song,Limitations,Characters,Audience Participation,Characters,Endowment,Limitations,Characters,Characters,Characters,Accepting,Guessing,
2020-02-16,123,Ay Yah Yah,Genre Replay,First Date,Follow the Leaver,Ping Pong Ballad,Serious Poetry,ABCs,Dating Game,Exes,Piano Man,Pan L/R,Blind Freeze Tag,,Both,Japanese,English,English,Japanese,Both,Both,English,Japanese,English,Both,Both,,Song,Endowment,Audience Participation,Long Form-ish,Song,Verbal Wit,Verbal Wit,Endowment,Audience Participation,Song,Characters,Association,
2022-07-24,124,ABCs,1 Thing,Pillars,Pan L/R,No English,Heavy Hanashi,Press Conference,Whose Line,Guess the Strain,Ping Pong Ballad,Blind Freeze Tag,,,Both,Both,English,Both,Japanese,Japanese,Both,Japanese,English,Japanese,Both,,,Verbal Wit,Guessing,Audience Participation,Characters,Endowment,Long Form-ish,Endowment,Limitations,Not Found,Song,Association,,
2022-08-21,125,Elimination,Late for Work,Follow the Leaver,Word Count,Kneeling-Bowing-Standing,Disney in a Minute,Chain Murder Mystery,Ding,4 Lines,Piano Man,Blind Freeze Tag,,,English,English,Both,English,Japanese,Japanese,Both,Japanese,English,English,Both,,,Characters,Guessing,Long Form-ish,Limitations,Endowment,Timed,Gibberish,Limitations,Limitations,Song,Association,,
2022-09-25,126,Word Inspiration,Dr. Know It All,Before or After,1 Thing,Serious Poetry,Speech Challenge,Ping Pong Ballad,Typist,Toaster,Genre Replay,Rap Nightmare,Blind Freeze Tag,,English,Japanese,English,Both,Both,English,Japanese,English,Both,Japanese,English,Both,,Not Found,Continuation,Continuation,Guessing,Verbal Wit,Association,Song,Characters,Characters,Endowment,Song,Association,
2022-10-23,127,Shokai Song,4 Lines,Ding,No English,Follow the Leaver,Movie in a Minute,Serious Poetry,Genre Replay,Pan L/R,Whose Line,Rap Tinder,Blind Freeze Tag,,Both,Japanese,English,Japanese,English,Japanese,English,Japanese,Both,English,Both,Both,,Song,Limitations,Limitations,Endowment,Long Form-ish,Timed,Verbal Wit,Endowment,Characters,Limitations,Song,Association,
2022-11-27,128,Shokai Song,3 Rooms,Kneeling-Bowing-Standing,Texts from Last Night,First Line / Last Line,Amazon Reviews,Press Conference,Whose Line,1 Thing,Exes,Serious Poetry,Blind Freeze Tag,,Both,English,Japanese,English,Japanese,English,Both,Japanese,Both,Japanese,Both,Both,,Song,Continuation,Endowment,Audience Participation,Endowment,Audience Participation,Endowment,Limitations,Guessing,Audience Participation,Verbal Wit,Association,
2023-01-22,129,Elimination,Word Count,Day in the Life,Marshmallows,3 Rooms,Only Questions,Chain Murder Mystery,Disney in a Minute,Thank God You're Here,Dr. Know It All,Sound FX,Toaster,,Both,Japanese,English,Japanese,Both,Both,Both,Japanese,English,English,English,Both,,Characters,Limitations,Audience Participation,Limitations,Continuation,Limitations,Gibberish,Timed,Guessing,Continuation,Audience Participation,Characters,
2023-02-26,130,In the Neighborhood,Add on Story,First Date,Dating Game,Piano Man,Speed Dating,Spotify Playlist,Exes,Ping Pong Ballad,Serious Poetry,Follow the Leaver,Rap Tinder,,Both,English,English,Japanese,English,Both,Both,English,Japanese,Both,Japanese,Both,,Song,Continuation,Audience Participation,Endowment,Song,Audience Participation,Song,Audience Participation,Song,Verbal Wit,Long Form-ish,Song,
2023-03-26,131,Shokai Song,4 Lines,Ding,No English,Pan L/R,Question This,Amazon Reviews,Question This,Genre Replay,1 Thing,Entrances and Exits,Toaster,Rap Nightmare,Both,Japanese,English,Japanese,Both,Japanese,English,English,Japanese,Both,Japanese,Both,Both,Song,Limitations,Limitations,Endowment,Characters,Verbal Wit,Audience Participation,Verbal Wit,Endowment,Guessing,Association,Characters,Song
2023-04-30,132,Shokai Song,4 Lines,Identity Crisis,Whose Line,Pan L/R,Only Questions,Spotify Playlist,Disney in a Minute,Serious Poetry,Before or After,Follow the Leaver,Toaster,,Both,Japanese,English,Japanese,Both,Both,Both,Japanese,Both,English,Both,Both,,Song,Limitations,Characters,Limitations,Characters,Limitations,Song,Timed,Verbal Wit,Continuation,Long Form-ish,Characters,
2023-05-28,133,Ay Yah Yah,Down & Across,50/50,Naive Replay,First Line / Last Line,Press Conference,Boyz II Bad,Word Count,Marshmallows,Day in the Life,Dr. Know It All,Blind Freeze Tag,,Both,Japanese,English,Japanese,English,Both,Both,Japanese,English,English,Both,Both,,Song,Limitations,Accepting,Endowment,Endowment,Endowment,Song,Limitations,Limitations,Audience Participation,Continuation,Association,
2023-06-25,134,Boyz II Bad,Blind Dub,Unreturnable Object,Ping Pong Ballad,Forward / Reverse,Only Questions,Spotify Playlist,What Are You Trying to Say?,1 Thing,3 Rooms,Ladder,Ding,,Both,Japanese,English,Japanese,English,Both,Both,Japanese,Both,English,Japanese,English,,Song,Limitations,Guessing,Song,Limitations,Limitations,Song,Limitations,Guessing,Continuation,Characters,Limitations,
2023-07-23,135,Elimination,Marionettes,Flashback,Whose Line,3 Rooms,Kneeling-Bowing-Standing,Late for Work,Toaster,Movie Tropes,Disney in a Minute,Word Sneak,Blind Freeze Tag,,Both,Japanese,English,Japanese,English,English,English,Japanese,English,English,Japanese,Both,,Characters,Limitations,Not Found,Limitations,Continuation,Endowment,Guessing,Characters,Association,Timed,Guessing,Association,
2023-08-27,136,Toaster,4 Lines,Emotional Zones,Pillars,Pan L/R,Follow the Leaver,Amazon Reviews,No English,Boyz II Bad,First Date,Before or After,Rap Tinder,,Both,Japanese,English,Japanese,Both,English,English,Japanese,Both,English,English,Both,,Characters,Limitations,Limitations,Audience Participation,Characters,Long Form-ish,Audience Participation,Endowment,Song,Audience Participation,Continuation,Song,
2023-09-24,137,Identity Crisis,Rashomon,Dr. Know It All,Marshmallows,Whose Line,No Laughs,Press Conference,No English,Texts from Last Night,Serious Poetry,Ping Pong Ballad,Blind Freeze Tag,,Both,Japanese,English,Japanese,English,Both,Both,Japanese,English,Both,Japanese,Both,,Characters,Characters,Continuation,Limitations,Limitations,Verbal Wit,Endowment,Endowment,Audience Participation,Verbal Wit,Song,Association,
2023-10-22,138,Action Replay,Marionettes,1 Thing,Elimination,Unreturnable Object,ABCs,50/50,First Line / Last Line,Written It Down,Forward / Reverse,10 / 10,Blind Freeze Tag,,Both,Japanese,Both,Japanese,English,Japanese,English,Japanese,English,English,Japanese,Both,,Endowment,Limitations,Guessing,Characters,Guessing,Verbal Wit,Accepting,Endowment,Endowment,Limitations,Not Found,Association,
2023-11-26,139,Ay Yah Yah,Exes,Ding,Late for Work,Follow the Leaver,Serious Poetry,Amazon Reviews,Toaster,Pillars,10 / 10,Spotify Playlist,Blind Freeze Tag,,Both,Japanese,English,Japanese,English,Both,English,Both,English,English,Both,Both,,Song,Audience Participation,Limitations,Guessing,Long Form-ish,Verbal Wit,Audience Participation,Characters,Audience Participation,Not Found,Song,Association,
2024-01-28,140,Elimination,Genre Replay,Chain Murder Mystery,Before or After,Pan L/R,Scenes from a Hat,Whose Line,Disney in a Minute,Marshmallows,Dr. Know It All,Movie Tropes,Blind Freeze Tag,,Both,Japanese,Both,Japanese,Both,Both,English,Japanese,English,English,English,Both,,Characters,Endowment,Gibberish,Continuation,Characters,Characters,Limitations,Timed,Limitations,Continuation,Association,Association,
2024-02-25,141,Shokai Song,Toaster,First Date,BanBanBan,Action Replay,No English,Rap Tinder,Serious Poetry,10 / 10,Ping Pong Ballad,Blind Freeze Tag,,,Both,Japanese,English,Japanese,English,Japanese,Both,Both,Japanese,Japanese,Both,,,Song,Characters,Audience Participation,Guessing,Endowment,Endowment,Song,Verbal Wit,Not Found,Song,Association,,
2024-03-24,142,Identity Crisis,4 Lines,Dating Game,Kneeling-Bowing-Standing,3 Rooms,Scenes from a Hat,Press Conference,Follow the Leaver,Resume Interview,Pillars,Blind Freeze Tag,,,Both,Japanese,English,Japanese,English,Both,Both,Both,English,Japanese,Both,,,Characters,Limitations,Endowment,Endowment,Continuation,Characters,Endowment,Long Form-ish,Not Found,Audience Participation,Association,,
2024-04-21,143,Rock Out,Genre Replay,Only Questions,BanBanBan,Pan L/R,No English,First Meet,Toaster,Secret Word,4 Lines,Rap Tinder,,,Both,Japanese,Both,Both,Both,Japanese,English,Both,Both,English,Both,,,Song,Endowment,Limitations,Guessing,Characters,Endowment,Not Found,Characters,Not Found,Limitations,Song,,
2024-05-26,144,Elimination,Before or After,Rashomon,Ding,Unreturnable Object,Scenes from a Hat,Parallel Universe,Written it Down,Naive Replay,3 Rooms,Blind Freeze Tag,,,Both,Japanese,English,Japanese,English,Both,English,English,Japanese,English,Both,,,Characters,Continuation,Characters,Limitations,Guessing,Characters,Limitations,Endowment,Endowment,Continuation,Association,,
2024-06-30,145,Toaster,Eye Contact,People vs You,BanBanBan,50/50,Life Cliches,Press Conference,Follow the Leaver,Rashomon,Pan L/R,Blind Freeze Tag,,,Both,English,English,Japanese,Japanese,English,Both,Japanese,English,Both,Both,,,Characters,Limitations,Characters,Guessing,Accepting,Association,Endowment,Long Form-ish,Characters,Characters,Association,,
2024-07-21,146,Genre Replay,Entrances and Exits,Marionettes,Continue the Scene,1 Thing,Thank God You're Here,Amazon Reviews,Pillars,Paint the Scene,Everyday Olympics,Blind Freeze Tag,,,Both,Japanese,English,Japanese,Both,English,English,Japanese,English,English,Both,,,Endowment,Association,Limitations,Not Found,Guessing,Guessing,Audience Participation,Audience Participation,Not Found,Endowment,Association,,
2024-08-25,147,Japanese Movie in a Minute,Life Cliches,50/50,Art Gallery,Rashomon,Ping Pong Ballad,Whose Line,Identity Crisis,Unreturnable Object,Texts from Last Night,Blind Freeze Tag,,,Japanese,Japanese,English,Japanese,English,Japanese,English,Japanese,English,English,Both,,,Timed,Association,Accepting,Endowment,Characters,Song,Limitations,Characters,Guessing,Audience Participation,Association,,
2024-09-29,148,Boyz II Bad,Action Replay,Parallel Universe,Marshmallows,BanBanBan,Pan L/R,Complaint Letter,Day in the Life,People vs You,No English,Blind Freeze Tag,,,Both,Japanese,English,Japanese,Both,Both,English,English,English,Japanese,English,,,Song,Endowment,Limitations,Limitations,Guessing,Characters,Continuation,Audience Participation,Characters,Endowment,Association,,
2024-10-20,149,Ay Yah Yah,Elimination,Sound FX,Play / Replay,Dating Game,Chain Murder Mystery,Press Conference,Whose Line,Toaster,Ding,Blind Freeze Tag,,,Both,Japanese,English,English,English,Both,Both,English,Both,Japanese,Both,,,Song,Characters,Audience Participation,Long Form-ish,Endowment,Gibberish,Endowment,Limitations,Characters,Limitations,Association,,
2024-11-17,150,Naive Replay,Scenes from a Hat,Day in the Life,Complaint Letter,Life Cliches,Unreturnable Object,Art Gallery,4 Lines,1 Thing,Spotify Playlist,Blind Freeze Tag,,,Japanese,Both,English,English,Both,Japanese,English,Japanese,Both,Both,Both,,,Endowment,Characters,Audience Participation,Continuation,Association,Guessing,Endowment,Limitations,Guessing,Song,Association,,
2025-01-26,151,Boyz II Bad,BanBanBan,3 Rooms,First Date,People vs You,Ping Pong Ballad,Sing it and Wing it,Texts from Last Night,1 Thing,Pan L/R,Blind Freeze Tag,,,Both,Both,English,English,English,Japanese,Both,English,Both,Both,Both,,,Song,Guessing,Continuation,Audience Participation,Characters,Song,Song,Audience Participation,Guessing,Characters,Association,,
2025-02-23,152,Ay Yah Yah,Movie in a Minute,Toaster,4 Lines,Unreturnable Object,Follow the Leaver,Serious Poetry,Dating Game,Dr. Know It All,Life Cliches,Rap Tinder,,,Both,Japanese,Both,English,Japanese,Both,Both,English,Both,Japanese,Both,,,Song,Timed,Characters,Limitations,Guessing,Long Form-ish,Verbal Wit,Endowment,Continuation,Association,Song,,
2025-03-30,153,Ay Yah Yah,Genre Replay,Whose Line,Pan L/R,People vs You,Elimination,Press Conference,Complaint Letter,Follow the Leaver,Ping Pong Ballad,Blind Freeze Tag,,,Both,Japanese,English,Both,English,Japanese,Both,Both,Both,Japanese,Both,,,Song,Endowment,Limitations,Characters,Characters,Characters,Endowment,Continuation,Long Form-ish,Song,Association,,
2025-04-27,154,Boyz II Bad,3 Rooms,Thank God You're Here,Sound FX,Toaster,Serious Poetry,Sing it and Wing it,10 / 10,Life Cliches,Ding,Blind Freeze Tag,,,Both,English,Japanese,English,Both,Both,Both,Both,Both,Japanese,Both,,,Song,Continuation,Guessing,Audience Participation,Characters,Verbal Wit,Song,Timed,Association,Limitations,Association,,
2025-05-25,155,Rock Out,Naive Replay,Eye Contact,Entrances and Exits,Interrogation,ABCs,Scenes from a Hat,First Line / Last Line,Marionettes,Dr. Know It All,Blind Freeze Tag,,,Both,Japanese,English,English,English,Both,Both,Japanese,English,English,Both,,,Song,Endowment,Limitations,Association,Guessing,Verbal Wit,Characters,Endowment,Limitations,Continuation,Association,,
2025-06-29,156,Ping Pong Ballad,Ladder,50/50,Continue the Scene,Genre Replay,Pan L/R,Press Conference,Complaint Letter,First Date,Identity Crisis,3 Rooms,Blind Freeze Tag,,English,Japanese,English,English,Japanese,Both,Both,English,English,Japanese,English,Both,,Song,Characters,Accepting,Continuation,Endowment,Characters,Endowment,Continuation,Audience Participation,Characters,Endowment,Association,
2025-07-20,157,Ay Yah Yah,Before or After,People vs You,Elimination,Chain Murder Mystery,Marshmallows,Scenes from a Hat,Life Cliches,Art Gallery,Disney in a Minute,Toaster,,,English,Japanese,English,Japanese,English,Japanese,Both,Both,English,Japanese,Both,,,Song,Continuation,Characters,Characters,Gibberish,Limitations,Characters,Characters,Endowment,Timed,Characters,,
2025-08-24,158,Boyz II Bad,Emotional Zones,Late for Work,Naive Replay,4 Lines,Serious Poetry,Scenes from a Hat,Party Guests,Blind Dub,Rap Nightmare,Toaster,,,Both,English,English,Japanese,Japanese,Both,Both,Japanese,English,English,Both,,,Song,Limitations,Guessing,Endowment,Limitations,Verbal Wit,Characters,Guessing,Limitations,Song,Characters,,
2025-09-21,159,In the Neighborhood,1 Thing,10 / 10,Ping Pong Ballad,Complaint Letter,CD Compilation,Chain Murder Mystery,3 Rooms,Pan L/R,Genre Replay,Rap Tinder,,,Both,English,Both,Japanese,Japanese,Both,Both,English,English,Japanese,Both,,,Song,Guessing,Endowment,Song,Continuation,Song,Gibberish,Continuation,Characters,Endowment,Song,,
2025-10-19,160,Shokai Song,Pillars,Speed Dating,Action Replay,Parallel Universe,Elimination,Before or After,Whose Line,Unreturnable Object,Kneeling Bowing Standing,Blind Freeze Tag,,,Both,Japanese,Both,Both,English,Japanese,English,English,English,Japanese,Both,,,Song,Audience Participation,Audience Participation,Endowment,Limitations,Characters,Continuation,Limitations,Guessing,Endowment,Association,,
2025-11-16,161,Ay Yah Yah,Identity Crisis,Dating Game,Sound FX,BanBanBan,Pan L/R,Whose Line,Day in the Life,Sing It and Wing It,Toaster,Rap Nightmare,,,Both,Japanese,English,English,Both,Both,English,English,Japanese,Both,Both,,,Song,Characters,Guessing,Audience Participation,Guessing,Characters,Limitations,Audience Participation,Song,Characters,Song,,
2026-01-25,162,Boyz II Bad,Sound FX,People vs You,Action Replay,Pan L/R,Life Cliches,Piano Man,3 Rooms,50/50,Disney in a Minute,Blind Freeze Tag,,,Both,Japanese,English,Both,Both,Japanese,English,English,English,Japanese,Both,,,Song,Audience Participation,Characters,Endowment,Characters,Association,Song,Continuation,Accepting,Timed,Limitations,,
2026-02-15,163,Rock Out,4 Lines,Eye Contact,First Date,Complaint Letter,ABCs,Art Gallery,Chain Murder Mystery,Exes,Naive Replay,Blind Freeze Tag,,,Both,Japanese,English,English,Japanese,Both,Both,Both,English,Japanese,Both,,,Song,Limitations,Limitations,Audience Participation,Continuation,Verbal Wit,Endowment,Gibberish,Audience Participation,Endowment,Limitations,,
2026-03-29,164,Ay Yah Yah,Elimination,Word Count,Emotional Zones,1 Thing,Marshmallows,Dr. Know It All,Ding,Toaster,Pan L/R,Blind Freeze Tag,,,Both,Japanese,English,English,English,Japanese,Both,Japanese,English,Japanese,Both,,,Song,Characters,Limitations,Limitations,Guessing,Limitations,Continuation,Limitations,Characters,Characters,Limitations,,
2026-04-26,165,Whose Line,2 Rooms,10 / 10,Day in the Life,Follow the Leaver,ABCs,Serious Poetry,Genre Replay,Only Questions,First Line / Last Line,Blind Freeze Tag,,,English,Japanese,Both,English,English,Both,Both,Japanese,English,Japanese,Both,,,Limitations,Continuation,Timed,Audience Participation,Long Form-ish,Verbal Wit,Verbal Wit,Endowment,Limitations,Endowment,Limitations,,
2026-05-31,166,Ay Yah Yah,Old Job / New Job,Continue the Scene,Life Cliches,BanBanBan,Word Detective,Toaster,Marshmallows,Eye Contact,Playground Insults,Ping Pong Ballad,,,Both,Japanese,Japanese,English,Both,Japanese,Both,English,English,English,Japanese,,,Song,Characters,Endowment,Association,Guessing,Guessing,Characters,Limitations,Limitations,Guessing,Song,,
2026-06-28,167,Boyz II Bad,3 Rooms,Marionettes,Continue the Scene,1 Thing,Elimination,Serious Poetry,4 Lines,Follow the Leaver,Dating Game,Rap Tinder,,,Both,Japanese,English,English,English,Japanese,Both,Japanese,Both,English,Both,,,Song,Continuation,Limitations,Endowment,Guessing,Characters,Verbal Wit,Limitations,Long Form-ish,Guessing,Song,,
2026-07-26,168,Toaster,Naive Replay,Party Guests,10 / 10,Pan L/R,Complaint Letter,Press Conference,Ladder,People vs You,Genre Replay,Blind Freeze Tag,,,Both,Japanese,English,English,Both,Japanese,Both,Both,English,Japanese,Both,,,Characters,Endowment,Guessing,Endowment,Characters,Continuation,Guessing,Characters,Characters,Endowment,Limitations,,
2026-08-30,169,Shokai Song,Before or After,Unreturnable Object,3 Rooms,4 Lines,ABCs,No English,Action Replay,Parallel Universe,Ping Pong Ballad,Blind Freeze Tag,,,Both,Japanese,English,Japanese,English,Both,Japanese,Both,English,Japanese,Both,,,Song,Continuation,Guessing,Continuation,Limitations,Verbal Wit,Endowment,Endowment,Limitations,Song,Limitations,,
