month,show_type,place_or_note
2011-10,main_monthly,
2011-12,main_monthly,
2012-01,main_monthly,
2012-02,main_monthly,
2012-03,international_or_other,in HK
2012-03,main_monthly,
2012-04,main_monthly,
2012-05,main_monthly,
2012-06,main_monthly,
2012-07,main_monthly,
2012-08,main_monthly,
2012-09,main_monthly,
2012-10,main_monthly,
2012-12,main_monthly,
2013-01,main_monthly,
2013-02,main_monthly,
2013-03,japanese_only,
2013-03,main_monthly,
2013-04,japanese_only,
2013-04,main_monthly,
2013-05,english_only,
2013-05,japanese_only,
2013-05,main_monthly,
2013-06,english_only,
2013-06,international_or_other,in Manila
2013-06,japanese_only,
2013-06,main_monthly,
2013-07,japanese_only,
2013-07,main_monthly,
2013-08,english_only,
2013-08,japanese_only,
2013-08,main_monthly,
2013-09,english_only,
2013-09,japanese_only,
2013-09,main_monthly,
2013-10,japanese_only,
2013-10,main_monthly,
2013-11,english_only,
2013-11,japanese_only,
2013-11,main_monthly,
2013-12,japanese_only,
2014-01,main_monthly,
2014-02,international_or_other,in Singapore
2014-02,japanese_only,
2014-02,main_monthly,
2014-03,international_or_other,in HK
2014-03,main_monthly,
2014-04,japanese_only,
2014-04,main_monthly,
2014-05,main_monthly,
2014-06,international_or_other,in NYC
2014-06,japanese_only,
2014-06,main_monthly,
2014-07,international_or_other,Aoba
2014-07,main_monthly,
2014-08,japanese_only,
2014-08,main_monthly,
2014-09,international_or_other,in Shibuya Arts Festival
2014-09,main_monthly,
2014-10,japanese_only,
2014-10,main_monthly,
2014-11,international_or_other,SuperDeluxe
2014-11,main_monthly,
2015-01,english_only,
2015-01,main_monthly,
2015-02,international_or_other,Singapore
2015-02,japanese_only,
2015-02,main_monthly,
2015-03,english_only,
2015-03,international_or_other,HK
2015-03,main_monthly,
2015-04,english_only,
2015-04,international_or_other,3Dudes/PRC
2015-04,main_monthly,
2015-05,main_monthly,
2015-06,english_only,
2015-06,main_monthly,
2015-07,international_or_other,Manila
2015-07,main_monthly,
2015-08,english_only,
2015-08,main_monthly,
2015-09,english_only,
2015-09,international_or_other,HGPI / TIA
2015-09,main_monthly,
2015-10,english_only,
2015-10,main_monthly,
2015-11,main_monthly,
2016-01,international_or_other,Singapore/KL
2016-01,main_monthly,
2016-02,international_or_other,Chozenji
2016-02,main_monthly,
2016-03,main_monthly,
2016-04,main_monthly,
2016-05,main_monthly,
2016-06,main_monthly,
2016-07,main_monthly,
2016-08,international_or_other,Yotsuya
2016-08,main_monthly,
2016-09,main_monthly,
2016-10,main_monthly,
2016-12,international_or_other,Bunkyo
2016-12,main_monthly,
2017-01,international_or_other,Germany
2017-01,main_monthly,
2017-02,international_or_other,Singapore
2017-02,main_monthly,
2017-03,international_or_other,Manila
2017-03,main_monthly,
2017-04,international_or_other,KL
2017-04,main_monthly,
2017-05,international_or_other,TAC
2017-05,main_monthly,
2017-06,international_or_other,Mirai no Mori
2017-06,main_monthly,
2017-07,international_or_other,AWF + Aoba
2017-07,main_monthly,
2017-08,international_or_other,Basser Center
2017-08,main_monthly,
2017-09,main_monthly,
2017-10,main_monthly,
2017-11,international_or_other,Chiba U
2017-12,international_or_other,Transperfect
2017-12,main_monthly,
2018-01,main_monthly,
2018-02,main_monthly,
2018-03,international_or_other,UWCSEA
2018-03,main_monthly,
2018-04,main_monthly,
2018-05,main_monthly,
2018-06,main_monthly,
2018-07,main_monthly,
2018-08,main_monthly,
2018-10,main_monthly,
2018-11,main_monthly,
2019-01,main_monthly,
2019-02,international_or_other,UWCSEA
2019-02,main_monthly,
2019-03,international_or_other,Manila
2019-03,main_monthly,
2019-04,main_monthly,
2019-05,main_monthly,
2019-06,main_monthly,
2019-07,main_monthly,
2019-08,main_monthly,
2019-09,main_monthly,
2019-10,main_monthly,
2019-11,main_monthly,
2020-01,main_monthly,
2020-02,international_or_other,UWCSEA
2020-02,main_monthly,
2020-04,international_or_other,Online
2020-05,international_or_other,Online
2020-06,international_or_other,Online
2020-07,international_or_other,Online + KL
2022-07,main_monthly,
2022-08,main_monthly,
2022-09,main_monthly,
2022-10,main_monthly,
2022-11,main_monthly,
2023-01,main_monthly,
2023-02,main_monthly,
2023-03,main_monthly,
2023-04,main_monthly,
2023-05,international_or_other,Hanoi
2023-05,main_monthly,
2023-06,main_monthly,
2023-07,main_monthly,
2023-08,main_monthly,
2023-09,international_or_other,Manila
2023-09,main_monthly,
2023-10,main_monthly,
2023-11,main_monthly,
2024-01,main_monthly,
2024-02,main_monthly,
2024-03,main_monthly,
2024-04,main_monthly,
2024-05,international_or_other,Bday gig
2024-05,main_monthly,
2024-06,main_monthly,
2024-07,main_monthly,
2024-08,main_monthly,
2024-09,international_or_other,Singapore
2024-09,main_monthly,
2024-10,international_or_other,TCIF
2024-10,main_monthly,
2024-11,main_monthly,
2025-01,main_monthly,
2025-02,main_monthly,
2025-03,main_monthly,
2025-04,main_monthly,
2025-05,international_or_other,Hanoi
2025-05,main_monthly,
2025-06,main_monthly,
2025-07,main_monthly,
2025-08,main_monthly,
2025-09,international_or_other,TCIF
2025-09,main_monthly,
2025-10,main_monthly,
2025-11,main_monthly,
2026-01,main_monthly,
2026-02,main_monthly,
2026-03,main_monthly,
2026-04,main_monthly,
2026-05,main_monthly,
2026-06,international_or_other,Singapore
2026-06,main_monthly,
2026-07,main_monthly,
2026-08,main_monthly,
2026-09,international_or_other,TCIF
